{
	"Resources" : [{
			"name" : "BluePin",
			"src" : "images/Blue_Pin_x3.png"
		}, {
			"name" : "RedPin",
			"src" : "images/Red_Pin_x3.png"
		}, {
			"name" : "GreenPin",
			"src" : "images/Green_Pin_x3.png"
		}, {
			"name" : "BluePinCircle",
			"src" : "images/Blue_Pin_with_Circle_x3.png"
		}, {
			"name" : "redLine",
			"src" : "images/Line_red.png"
		}, {
			"name" : "redDotted",
			"src" : "images/dashed_Line_red.png"
		}
	], 
	"Spots" : [{
			"position" : "8.6948125;49.4042720;0",
			"labelText" : "Heidelberg",
			"labelPos" : "7",
			"contentOffset" : "0;-10",
			"contentColor" : "RGB(255,255,255)",
			"contentSize" : "32",
			"image" : "BluePin",
			"scale" : "0.5;0.5;0.5"
		}, {
			"position" : "8.5416940;47.3768870;0",
			"labelText" : "Zürich",
			"labelPos" : "7",
			"icon" : "sap-icon://retail-store",
			"contentOffset" : "0;-10",
			"contentColor" : "RGB(255,255,255)",
			"contentSize" : "32",
			"image" : "GreenPin",
			"scale" : "0.5;0.5;0.5"
		}, {
			"key" : "WI_Spot",
			"position" : "16.3738190;48.2081740;0",
			"labelText" : "Wien",
			"labelPos" : "7",
			"icon" : "sap-icon://retail-store",
			"contentOffset" : "0;-10",
			"contentColor" : "RGB(255,255,255)",
			"contentSize" : "32",
			"image" : "RedPin",
			"scale" : "0.5;0.5;0.5"
		}, {
			"position" : "2.3522220;48.8566140;0",
			"labelText" : "Paris",
			"labelPos" : "7",
			"icon" : "sap-icon://retail-store",
			"contentOffset" : "0;-10",
			"contentColor" : "RGB(255,255,255)",
			"contentSize" : "32",
			"image" : "GreenPin",
			"scale" : "0.5;0.5;0.5"
		}, {
			"position" : "13.4049540;52.5200070;0",
			"labelText" : "Berlin",
			"labelPos" : "7",
			"icon" : "sap-icon://retail-store",
			"contentOffset" : "0;-10",
			"contentColor" : "RGB(255,255,255)",
			"contentSize" : "32",
			"image" : "RedPin",
			"scale" : "0.5;0.5;0.5"
		}
	], 	
	"Routes" : [
		{
			"key" : "HD-Berlin",
			"poslist" : "8.6948125;49.4042720;0;13.4049540;52.5200070;0",
			"color" : "RGB(204,25,25)",
			"start" : "0",
			"end" : "1",
			"linewidth" : "3",
			"dotwidth" : "0",
			"dotcolor" : "RGBA(217,152,203,255)",
			"dotbordercolor" : "RGBA(0,0,0,255)"
		}, {
			"key" : "HD-Zurich",
			"poslist" : "8.6759670;49.4042720;0;8.5416940;47.3768870;0",
			"color" : "RGB(97,166,86)",
			"start" : "0",
			"end" : "1",
			"linewidth" : "3",
			"dotwidth" : "0",
			"dotcolor" : "RGBA(217,152,203,255)",
			"dotbordercolor" : "RGBA(0,0,0,255)"
		}, {
			"key" : "HD-Wien",
			"poslist" : "8.6759670;49.4042720;0;16.3738190;48.2081740;0",
			"color" : "RGB(204,25,25)",
			"lineDash" : "2;10;2;10",
			"start" : "0",
			"end" : "1",
			"linewidth" : "3",
			"dotwidth" : "0",
			"dotcolor" : "RGBA(217,152,203,255)",
			"dotbordercolor" : "RGBA(0,0,0,255)"
		}, {
			"key" : "HD-Paris",
			"poslist" : "8.6759670;49.4042720;0;2.3522220;48.8566140;0",
			"color" : "RGB(97,166,86)",
			"start" : "0",
			"end" : "1",
			"linewidth" : "3",
			"dotwidth" : "0",
			"dotcolor" : "RGBA(217,152,203,255)",
			"dotbordercolor" : "RGBA(0,0,0,255)"
		}
	], 
	"Legend" : [{
			"image" : "redLine",
			"text" : "planned, low utilization"
		}, {
			"image" : "redDotted",
			"text" : "unplanned"
		}, {
			"color" : "RGB(97,166,86)",
			"text" : "planned"
		}
	],
	"Chart" : {
		"title" : "Warehouse Paris",
		"Labels1" : ["1. June", "30.June"],
		"Data" : [{
				"value" : 300.0,
				"color" : "Good"
			}, {
				"value" : 500.0,
				"color" : "Good"
			}, {
				"value" : 600.0,
				"color" : "Good"
			}, {
				"value" : 800.0,
				"color" : "Good"
			}
		],
		"Label2" : "Utilization",
		"Buttons" :[{"text" : "Plan Route"}
		]           
   },
   "Charts" :  	[ {
					"title" :   "Production Site Heidelberg",
					"Labels1" : [ {"label": "1. June",  "color": "Good"}, 
					              {"label": "30. June", "color": "Good"}],
					"Data" :    [ {"value" : 9000.0, "color": "Good"},
	       						  {"value" : 9400.0, "color": "Good"}, 
					              {"value" : 8600.0, "color": "Good"}, 
								  {"value" : 9000.0, "color": "Good"} ],
					"Label2" : "Utilization",
					"Buttons" : [{"text" : "Plan Route" }]
	       			}, {
					 "title" :   "Store Vienna",
					"Labels1" : [ {"label": "1. June",  "color": "Good"}, 
					              {"label": "30. June", "color": "Critical"}],
					"Data" :    [ {"value" : 300.0, "color": "Good"}, 
					              {"value" : 500.0, "color": "Good"}, 
					              {"value" : 100.0, "color": "Critical"},
								  {"value" : 50.0,  "color": "Critical"} ],
					"Label2" : "Utilization",
					"Buttons" : [{"text" : "Plan Route" }]
	       			}, 
					{
					 "title" :   "Store Zurich",
					"Labels1" : [ {"label": "1. June",  "color": "Good"}, 
					              {"label": "30. June", "color": "Good"}],
					"Data" :    [ {"value" : 300.0, "color": "Good"}, 
					              {"value" : 500.0, "color": "Good"}, 
					              {"value" : 600.0, "color": "Good"},
								  {"value" : 800.0, "color": "Good"} ],
					"Label2" : "Utilization",
					"Buttons" : [{"text" : "Plan Route" }]
	       			},  
					{
					"title" :   "Store Paris",
					"Labels1" : [ {"label": "1. June",  "color": "Good"}, 
					              {"label": "30. June", "color": "Good"}],
					"Data" :    [ {"value" : 300.0, "color": "Good"}, 
					              {"value" : 500.0, "color": "Good"}, 
					              {"value" : 600.0, "color": "Good"},
								  {"value" : 800.0, "color": "Good"} ],
					"Label2" : "Utilization",
					"Buttons" : [{"text" : "Plan Route" }]
	       			},
					{
					"title" :   "Store Berlin",
					"Labels1" : [ {"label": "1. June",  "color": "Good"}, 
					              {"label": "30. June", "color": "Error"}],
					"Data" :    [ {"value" : 200.0, "color": "Good"}, 
					              {"value" : 300.0, "color": "Good"}, 
					              {"value" : 100.0, "color": "Critical"},
								  {"value" : -50.0, "color": "Error"} ],
					"Label2" : "Utilization",
					"Buttons" : [ {"text" : "Plan Route" } ]
	       			}
	       	]
}
