[
 {
   "code": "US",
   "country": "United States"
 },
 {
   "code": "AF",
   "country": "Afghanistan"
 },
 {
   "code": "AL",
   "country": "Albania"
 },
 {
   "code": "DZ",
   "country": "Algeria"
 },
 {
   "code": "AS",
   "country": "American Samoa"
 },
 {
   "code": "AD",
   "country": "Andorra"
 },
 {
   "code": "AO",
   "country": "Angola"
 },
 {
   "code": "AR",
   "country": "Argentina"
 },
 {
   "code": "AM",
   "country": "Armenia"
 },
 {
   "code": "AW",
   "country": "Aruba"
 },
 {
   "code": "AU",
   "country": "Australia"
 },
 {
   "code": "AT",
   "country": "Austria"
 },
 {
   "code": "AZ",
   "country": "Azerbaijan"
 },
 {
   "code": "BS",
   "country": "Bahamas"
 },
 {
   "code": "BH",
   "country": "Bahrain"
 },
 {
   "code": "BD",
   "country": "Bangladesh"
 },
 {
   "code": "BB",
   "country": "Barbados"
 },
 {
   "code": "BY",
   "country": "Belarus"
 },
 {
   "code": "BE",
   "country": "Belgium"
 },
 {
   "code": "BZ",
   "country": "Belize"
 },
 {
   "code": "BJ",
   "country": "Benin"
 },
 {
   "code": "BM",
   "country": "Bermuda"
 },
 {
   "code": "BT",
   "country": "Bhutan"
 },
 {
   "code": "BO",
   "country": "Bolivia"
 },
 {
   "code": "BA",
   "country": "Bosnia and Herzegovina"
 },
 {
   "code": "BW",
   "country": "Botswana"
 },
 {
   "code": "BR",
   "country": "Brazil"
 },
 {
   "code": "BN",
   "country": "Brunei Darussalam"
 },
 {
   "code": "BG",
   "country": "Bulgaria"
 },
 {
   "code": "BF",
   "country": "Burkina Faso"
 },
 {
   "code": "BI",
   "country": "Burundi"
 },
 {
   "code": "KH",
   "country": "Cambodia"
 },
 {
   "code": "CM",
   "country": "Cameroon"
 },
 {
   "code": "CA",
   "country": "Canada"
 },
 {
   "code": "KY",
   "country": "Cayman Islands"
 },
 {
   "code": "CF",
   "country": "Central African Republic"
 },
 {
   "code": "TD",
   "country": "Chad"
 },
 {
   "code": "CL",
   "country": "Chile"
 },
 {
   "code": "CN",
   "country": "China"
 },
 {
   "code": "CO",
   "country": "Colombia"
 },
 {
   "code": "KM",
   "country": "Comoros"
 },
 {
   "code": "CG",
   "country": "Congo"
 },
 {
   "code": "CD",
   "country": "Congo"
 },
 {
   "code": "CR",
   "country": "Costa Rica"
 },
 {
   "code": "HR",
   "country": "Croatia"
 },
 {
   "code": "CU",
   "country": "Cuba"
 },
 {
   "code": "CY",
   "country": "Cyprus"
 },
 {
   "code": "CZ",
   "country": "Czech Republic"
 },
 {
   "code": "CI",
   "country": "Ivory Coast"
 },
 {
   "code": "DK",
   "country": "Denmark"
 },
 {
   "code": "DJ",
   "country": "Djibouti"
 },
 {
   "code": "DO",
   "country": "Dominican Republic"
 },
 {
   "code": "EC",
   "country": "Ecuador"
 },
 {
   "code": "EG",
   "country": "Egypt"
 },
 {
   "code": "SV",
   "country": "El Salvador"
 },
 {
   "code": "GQ",
   "country": "Equatorial Guinea"
 },
 {
   "code": "EE",
   "country": "Estonia"
 },
 {
   "code": "ET",
   "country": "Ethiopia"
 },
 {
   "code": "FO",
   "country": "Faroe Islands"
 },
 {
   "code": "FJ",
   "country": "Fiji"
 },
 {
   "code": "FI",
   "country": "Finland"
 },
 {
   "code": "CS",
   "country": "Former Serbia and Montenegro"
 },
 {
   "code": "YU",
   "country": "Former Yugoslavia"
 },
 {
   "code": "FR",
   "country": "France"
 },
 {
   "code": "GF",
   "country": "French Guiana"
 },
 {
   "code": "PF",
   "country": "French Polynesia"
 },
 {
   "code": "GA",
   "country": "Gabon"
 },
 {
   "code": "GM",
   "country": "Gambia"
 },
 {
   "code": "GE",
   "country": "Georgia"
 },
 {
   "code": "DE",
   "country": "Germany"
 },
 {
   "code": "GH",
   "country": "Ghana"
 },
 {
   "code": "GI",
   "country": "Gibraltar"
 },
 {
   "code": "GR",
   "country": "Greece"
 },
 {
   "code": "GL",
   "country": "Greenland"
 },
 {
   "code": "GD",
   "country": "Grenada"
 },
 {
   "code": "GP",
   "country": "Guadeloupe"
 },
 {
   "code": "GU",
   "country": "Guam"
 },
 {
   "code": "GT",
   "country": "Guatemala"
 },
 {
   "code": "GN",
   "country": "Guinea"
 },
 {
   "code": "GW",
   "country": "Guinea-Bissau"
 },
 {
   "code": "GY",
   "country": "Guyana"
 },
 {
   "code": "HT",
   "country": "Haiti"
 },
 {
   "code": "VA",
   "country": "Holy See (Vatican City State)"
 },
 {
   "code": "HN",
   "country": "Honduras"
 },
 {
   "code": "HK",
   "country": "Hong Kong"
 },
 {
   "code": "HU",
   "country": "Hungary"
 },
 {
   "code": "IS",
   "country": "Iceland"
 },
 {
   "code": "IN",
   "country": "India"
 },
 {
   "code": "ID",
   "country": "Indonesia"
 },
 {
   "code": "IR",
   "country": "Iran"
 },
 {
   "code": "IQ",
   "country": "Iraq"
 },
 {
   "code": "IE",
   "country": "Ireland"
 },
 {
   "code": "IL",
   "country": "Israel"
 },
 {
   "code": "IT",
   "country": "Italy"
 },
 {
   "code": "JM",
   "country": "Jamaica"
 },
 {
   "code": "JP",
   "country": "Japan"
 },
 {
   "code": "JO",
   "country": "Jordan"
 },
 {
   "code": "KZ",
   "country": "Kazakhstan"
 },
 {
   "code": "KE",
   "country": "Kenya"
 },
 {
   "code": "KP",
   "country": "Korea, Democratic People's Republic of"
 },
 {
   "code": "KR",
   "country": "Korea, Republic of"
 },
 {
   "code": "KW",
   "country": "Kuwait"
 },
 {
   "code": "KG",
   "country": "Kyrgyzstan"
 },
 {
   "code": "LA",
   "country": "Lao People's Democratic Republic"
 },
 {
   "code": "LV",
   "country": "Latvia"
 },
 {
   "code": "LB",
   "country": "Lebanon"
 },
 {
   "code": "LS",
   "country": "Lesotho"
 },
 {
   "code": "LR",
   "country": "Liberia"
 },
 {
   "code": "LY",
   "country": "Libyan Arab Jamahiriya"
 },
 {
   "code": "LI",
   "country": "Liechtenstein"
 },
 {
   "code": "LT",
   "country": "Lithuania"
 },
 {
   "code": "LU",
   "country": "Luxembourg"
 },
 {
   "code": "MK",
   "country": "Macedonia"
 },
 {
   "code": "MG",
   "country": "Madagascar"
 },
 {
   "code": "MW",
   "country": "Malawi"
 },
 {
   "code": "MY",
   "country": "Malaysia"
 },
 {
   "code": "MV",
   "country": "Maldives"
 },
 {
   "code": "ML",
   "country": "Mali"
 },
 {
   "code": "MT",
   "country": "Malta"
 },
 {
   "code": "MQ",
   "country": "Martinique"
 },
 {
   "code": "MR",
   "country": "Mauritania"
 },
 {
   "code": "MU",
   "country": "Mauritius"
 },
 {
   "code": "YT",
   "country": "Mayotte"
 },
 {
   "code": "MX",
   "country": "Mexico"
 },
 {
   "code": "MD",
   "country": "Moldova"
 },
 {
   "code": "MC",
   "country": "Monaco"
 },
 {
   "code": "MN",
   "country": "Mongolia"
 },
 {
   "code": "ME",
   "country": "Montenegro"
 },
 {
   "code": "MS",
   "country": "Montserrat"
 },
 {
   "code": "MA",
   "country": "Morocco"
 },
 {
   "code": "MZ",
   "country": "Mozambique"
 },
 {
   "code": "MM",
   "country": "Myanmar"
 },
 {
   "code": "NA",
   "country": "Namibia"
 },
 {
   "code": "NP",
   "country": "Nepal"
 },
 {
   "code": "NL",
   "country": "Netherlands"
 },
 {
   "code": "AN",
   "country": "Netherlands Antilles"
 },
 {
   "code": "NC",
   "country": "New Caledonia"
 },
 {
   "code": "NZ",
   "country": "New Zealand"
 },
 {
   "code": "NI",
   "country": "Nicaragua"
 },
 {
   "code": "NE",
   "country": "Niger"
 },
 {
   "code": "NG",
   "country": "Nigeria"
 },
 {
   "code": "MP",
   "country": "Northern Mariana Islands"
 },
 {
   "code": "NO",
   "country": "Norway"
 },
 {
   "code": "OM",
   "country": "Oman"
 },
 {
   "code": "PK",
   "country": "Pakistan"
 },
 {
   "code": "PW",
   "country": "Palau"
 },
 {
   "code": "PA",
   "country": "Panama"
 },
 {
   "code": "PG",
   "country": "Papua New Guinea"
 },
 {
   "code": "PY",
   "country": "Paraguay"
 },
 {
   "code": "PE",
   "country": "Peru"
 },
 {
   "code": "PH",
   "country": "Philippines"
 },
 {
   "code": "PL",
   "country": "Poland"
 },
 {
   "code": "PT",
   "country": "Portugal"
 },
 {
   "code": "PR",
   "country": "Puerto Rico"
 },
 {
   "code": "QA",
   "country": "Qatar"
 },
 {
   "code": "RO",
   "country": "Romania"
 },
 {
   "code": "RU",
   "country": "Russian Federation"
 },
 {
   "code": "RW",
   "country": "Rwanda"
 },
 {
   "code": "RE",
   "country": "Reunion"
 },
 {
   "code": "KN",
   "country": "Saint Kitts and Nevis"
 },
 {
   "code": "SA",
   "country": "Saudi Arabia"
 },
 {
   "code": "SN",
   "country": "Senegal"
 },
 {
   "code": "RS",
   "country": "Serbia"
 },
 {
   "code": "SC",
   "country": "Seychelles"
 },
 {
   "code": "SL",
   "country": "Sierra Leone"
 },
 {
   "code": "SG",
   "country": "Singapore"
 },
 {
   "code": "SK",
   "country": "Slovakia"
 },
 {
   "code": "SI",
   "country": "Slovenia"
 },
 {
   "code": "SB",
   "country": "Solomon Islands"
 },
 {
   "code": "ZA",
   "country": "South Africa"
 },
 {
   "code": "ES",
   "country": "Spain"
 },
 {
   "code": "LK",
   "country": "Sri Lanka"
 },
 {
   "code": "SD",
   "country": "Sudan"
 },
 {
   "code": "SR",
   "country": "Suriname"
 },
 {
   "code": "SZ",
   "country": "Swaziland"
 },
 {
   "code": "SE",
   "country": "Sweden"
 },
 {
   "code": "CH",
   "country": "Switzerland"
 },
 {
   "code": "SY",
   "country": "Syrian Arab Republic"
 },
 {
   "code": "TW",
   "country": "Taiwan"
 },
 {
   "code": "TJ",
   "country": "Tajikistan"
 },
 {
   "code": "TZ",
   "country": "Tanzania"
 },
 {
   "code": "TH",
   "country": "Thailand"
 },
 {
   "code": "TG",
   "country": "Togo"
 },
 {
   "code": "TT",
   "country": "Trinidad and Tobago"
 },
 {
   "code": "TN",
   "country": "Tunisia"
 },
 {
   "code": "TR",
   "country": "Turkey"
 },
 {
   "code": "UG",
   "country": "Uganda"
 },
 {
   "code": "UA",
   "country": "Ukraine"
 },
 {
   "code": "AE",
   "country": "United Arab Emirates"
 },
 {
   "code": "GB",
   "country": "United Kingdom"
 },
 {
   "code": "US",
   "country": "United States"
 },
 {
   "code": "UY",
   "country": "Uruguay"
 },
 {
   "code": "UZ",
   "country": "Uzbekistan"
 },
 {
   "code": "VU",
   "country": "Vanuatu"
 },
 {
   "code": "VE",
   "country": "Venezuela"
 },
 {
   "code": "VN",
   "country": "Vietnam"
 },
 {
   "code": "VI",
   "country": "Virgin Islands (U.S.)"
 },
 {
   "code": "YE",
   "country": "Yemen"
 },
 {
   "code": "ZM",
   "country": "Zambia"
 },
 {
   "code": "ZW",
   "country": "Zimbabwe"
 }
]